,Avg_SAS,Avg_words,Avg_length
eli5,0.5389908838349037,60,310
squad,0.5553172622852413,57,307
macroms,0.717475319976458,43,226
wikiqa,0.48688391871064074,39,204
